"ref","PTT","OVF","CNT","TX_DATE","DE_DATE","SURF_DUR","DIVE_DUR","N_SURF_DUR","DEP_OFF","MAX_DEP","D1","D2","D3","D4","V1","V2","V3","V4","V5","D_DIST","LAT","LON","TRAVEL_R","HOMEDIST","START_LAT","START_LON","BOTTOM","T1","T2","T3","T4","D_SPEED","N_DEPTHS","N_SPEEDS","DEPTH_STR","SPEED_STR","PROPN_STR","PERCENT_AREA","SUNALT","SUNRISE","SUNSET","RESIDUAL","GRP_NUMBER"
"cr2_KJ_01",13361,,6,,8/2/2001 20:49:30,270,12,,,6.00,6.00,6.00,6.00,6.00,4.73,0.00,4.73,,,,-67.75,-69.28,0.74,87.75,-67.75,-69.28,130,0.00,31.70,31.70,65.00,,4,3,"   6.0,   6.0,   6.0,   6.0"," 4.73, 0.00, 4.73"," 0.0,31.7,31.7,65.0",63.40,-6.20,8/2/2001 13:52:48,8/2/2001 19:33:54,0.00,255
"cr2_KJ_01",13361,,6,,8/2/2001 20:54:48,90,48,,,12.00,6.00,12.00,12.00,12.00,0.00,0.00,0.00,,,,-67.75,-69.28,0.72,87.82,-67.75,-69.28,130,22.20,46.00,52.30,68.20,,4,3,"   6.0,  12.0,  12.0,  12.0"," 0.00, 0.00, 0.00","22.2,46.0,52.3,68.2",49.20,-6.50,8/2/2001 13:52:48,8/2/2001 19:33:55,0.00,255
"cr2_KJ_01",13361,,5,,8/2/2001 20:57:30,150,30,,,9.00,9.00,9.00,9.00,6.00,0.00,0.00,0.00,,,,-67.75,-69.28,0.71,87.85,-67.75,-69.28,130,23.80,23.80,49.20,74.60,,4,3,"   9.0,   9.0,   9.0,   6.0"," 0.00, 0.00, 0.00","23.8,23.8,49.2,74.6",63.40,-6.80,8/2/2001 13:52:49,8/2/2001 19:33:56,0.00,255
"cr2_KJ_01",13361,,5,,8/2/2001 21:01:24,118,84,,,36.00,15.00,27.00,36.00,27.00,0.00,0.00,0.00,,,,-67.75,-69.29,0.69,87.90,-67.75,-69.28,130,22.20,46.00,60.30,69.80,,4,3,"  15.0,  27.0,  36.0,  27.0"," 0.00, 0.00, 0.00","22.2,46.0,60.3,69.8",46.00,-7.00,8/2/2001 13:52:49,8/2/2001 19:33:56,0.00,255
"cr2_KJ_01",13361,,2,,8/2/2001 21:04:02,118,111,,,48.00,15.00,36.00,48.00,21.00,0.00,0.00,0.00,,,,-67.75,-69.29,0.68,87.94,-67.75,-69.29,130,9.50,33.30,61.90,82.50,,4,3,"  15.0,  36.0,  48.0,  21.0"," 0.00, 0.00, 0.00"," 9.5,33.3,61.9,82.5",53.90,-7.20,8/2/2001 13:52:49,8/2/2001 19:33:57,8.00,255
"cr2_KJ_01",13361,,2,,8/2/2001 21:07:51,90,111,,,55.50,24.00,55.50,55.50,33.00,0.00,0.00,0.00,,,,-67.75,-69.29,0.66,87.99,-67.75,-69.29,130,23.80,47.60,50.70,71.40,,4,3,"  24.0,  55.5,  55.5,  33.0"," 0.00, 0.00, 0.00","23.8,47.6,50.7,71.4",47.60,-7.50,8/2/2001 13:52:49,8/2/2001 19:33:58,8.00,255
"cr2_KJ_01",13361,,7,,8/2/2001 21:10:18,102,99,,,18.00,18.00,18.00,18.00,15.00,0.00,0.00,0.00,,,,-67.75,-69.29,0.65,88.02,-67.75,-69.29,130,23.80,36.50,49.20,74.60,,4,3,"  18.0,  18.0,  18.0,  15.0"," 0.00, 0.00, 0.00","23.8,36.5,49.2,74.6",63.40,-7.70,8/2/2001 13:52:49,8/2/2001 19:33:58,0.00,255
"cr2_KJ_01",13361,,7,,8/2/2001 21:13:12,118,72,,,18.00,15.00,18.00,15.00,15.00,0.00,0.00,0.00,,,,-67.75,-69.29,0.64,88.06,-67.75,-69.29,130,20.60,30.10,46.00,73.00,,4,3,"  15.0,  18.0,  15.0,  15.0"," 0.00, 0.00, 0.00","20.6,30.1,46.0,73.0",69.80,-8.00,8/2/2001 13:52:49,8/2/2001 19:33:59,0.00,255
"cr2_KJ_01",13361,,4,,8/2/2001 21:18:02,118,84,,,12.00,12.00,12.00,9.00,6.00,0.00,0.00,0.00,,,,-67.75,-69.29,0.62,88.12,-67.75,-69.29,106,22.20,26.90,46.00,69.80,,4,3,"  12.0,  12.0,   9.0,   6.0"," 0.00, 0.00, 0.00","22.2,26.9,46.0,69.8",47.60,-8.40,8/2/2001 13:52:49,8/2/2001 19:34:00,0.00,255
"cr2_KJ_01",13361,,4,,8/2/2001 21:20:24,90,24,,,15.00,9.00,15.00,15.00,9.00,0.00,0.00,0.00,,,,-67.75,-69.30,0.61,88.16,-67.75,-69.30,106,12.60,41.20,41.20,69.80,,4,3,"   9.0,  15.0,  15.0,   9.0"," 0.00, 0.00, 0.00","12.6,41.2,41.2,69.8",57.10,-8.70,8/2/2001 13:52:50,8/2/2001 19:34:01,0.00,255
"cr2_KJ_01",13361,,7,,8/2/2001 21:22:02,238,99,,,45.00,24.00,45.00,45.00,24.00,0.00,0.00,0.00,,,,-67.75,-69.30,0.60,88.18,-67.75,-69.30,106,23.80,49.20,49.20,74.60,,4,3,"  24.0,  45.0,  45.0,  24.0"," 0.00, 0.00, 0.00","23.8,49.2,49.2,74.6",50.70,-8.70,8/2/2001 13:52:50,8/2/2001 19:34:01,8.00,255
"cr2_KJ_01",13361,,7,,8/2/2001 21:26:12,118,12,,,6.00,6.00,6.00,6.00,6.00,4.73,0.00,4.73,,,,-67.75,-69.30,0.58,88.23,-67.75,-69.30,82,0.00,31.70,31.70,65.00,,4,3,"   6.0,   6.0,   6.0,   6.0"," 4.73, 0.00, 4.73"," 0.0,31.7,31.7,65.0",80.90,-9.20,8/2/2001 13:52:50,8/2/2001 19:34:02,0.00,255
"cr2_KJ_01",13361,,5,,8/2/2001 21:29:14,166,60,,,9.00,6.00,9.00,9.00,9.00,0.00,0.00,0.00,,,,-67.75,-69.30,0.57,88.27,-67.75,-69.30,82,23.80,49.20,68.20,74.60,,4,3,"   6.0,   9.0,   9.0,   9.0"," 0.00, 0.00, 0.00","23.8,49.2,68.2,74.6",57.10,-9.40,8/2/2001 13:52:50,8/2/2001 19:34:03,0.00,255
"cr2_KJ_01",13361,,5,,8/2/2001 21:32:30,50,30,,,9.00,6.00,9.00,9.00,6.00,0.00,0.00,0.00,,,,-67.75,-69.30,0.56,88.32,-67.75,-69.30,82,23.80,49.20,49.20,74.60,,4,3,"   6.0,   9.0,   9.0,   6.0"," 0.00, 0.00, 0.00","23.8,49.2,49.2,74.6",61.90,-9.70,8/2/2001 13:52:50,8/2/2001 19:34:03,0.00,255
"cr2_KJ_01",13361,,7,,8/2/2001 21:34:30,90,54,,,12.00,12.00,12.00,12.00,9.00,0.00,0.00,0.00,,,,-67.75,-69.30,0.55,88.34,-67.75,-69.30,82,20.60,34.90,49.20,69.80,,4,3,"  12.0,  12.0,  12.0,   9.0"," 0.00, 0.00, 0.00","20.6,34.9,49.2,69.8",65.00,-9.80,8/2/2001 13:52:50,8/2/2001 19:34:04,0.00,255
"cr2_KJ_01",13361,,7,,8/2/2001 21:36:36,8,36,,,9.00,6.00,9.00,9.00,9.00,0.00,0.00,0.00,,,,-67.75,-69.30,0.54,88.37,-67.75,-69.30,82,19.00,49.20,49.20,69.80,,4,3,"   6.0,   9.0,   9.0,   9.0"," 0.00, 0.00, 0.00","19.0,49.2,49.2,69.8",61.90,-10.10,8/2/2001 13:52:50,8/2/2001 19:34:04,0.00,255
"cr2_KJ_01",13361,,5,,8/2/2001 21:37:44,16,66,,,9.00,9.00,9.00,9.00,6.00,0.00,0.00,0.00,,,,-67.75,-69.31,0.53,88.39,-67.75,-69.30,82,22.20,34.90,46.00,69.80,,4,3,"   9.0,   9.0,   9.0,   6.0"," 0.00, 0.00, 0.00","22.2,34.9,46.0,69.8",49.20,-10.10,8/2/2001 13:52:50,8/2/2001 19:34:04,0.00,255
"cr2_KJ_01",13361,,5,,8/2/2001 21:38:48,74,48,,,12.00,9.00,12.00,12.00,12.00,0.00,0.00,0.00,,,,-67.75,-69.31,0.53,88.40,-67.75,-69.31,82,22.20,46.00,68.20,68.20,,4,3,"   9.0,  12.0,  12.0,  12.0"," 0.00, 0.00, 0.00","22.2,46.0,68.2,68.2",55.50,-10.20,8/2/2001 13:52:50,8/2/2001 19:34:05,0.00,255
"cr2_KJ_01",13361,,9,,8/2/2001 21:42:18,102,78,,,33.00,18.00,27.00,33.00,24.00,0.00,0.00,0.00,,,,-67.75,-69.31,0.51,88.45,-67.75,-69.31,82,23.80,49.20,63.40,74.60,,4,3,"  18.0,  27.0,  33.0,  24.0"," 0.00, 0.00, 0.00","23.8,49.2,63.4,74.6",52.30,-10.50,8/2/2001 13:52:50,8/2/2001 19:34:05,8.00,255
"cr2_KJ_01",13361,,9,,8/2/2001 21:45:24,82,84,,,36.00,12.00,30.00,36.00,33.00,0.00,0.00,0.00,,,,-67.75,-69.31,0.50,88.49,-67.75,-69.31,82,22.20,49.20,66.60,71.40,,4,3,"  12.0,  30.0,  36.0,  33.0"," 0.00, 0.00, 0.00","22.2,49.2,66.6,71.4",47.60,-10.80,8/2/2001 13:52:51,8/2/2001 19:34:06,0.00,255
"cr2_KJ_01",13361,,5,,8/2/2001 21:48:02,238,84,,,21.00,9.00,15.00,15.00,21.00,0.00,0.00,0.00,,,,-67.75,-69.31,0.49,88.52,-67.75,-69.31,82,12.60,36.50,46.00,74.60,,4,3,"   9.0,  15.0,  15.0,  21.0"," 0.00, 0.00, 0.00","12.6,36.5,46.0,74.6",53.90,-11.00,8/2/2001 13:52:51,8/2/2001 19:34:07,0.00,255
"cr2_KJ_01",13361,,5,,8/2/2001 21:53:51,90,111,,,39.00,12.00,27.00,39.00,18.00,0.00,0.00,0.00,,,,-67.75,-69.31,0.46,88.60,-67.75,-69.31,82,9.50,25.30,50.70,84.10,,4,3,"  12.0,  27.0,  39.0,  18.0"," 0.00, 0.00, 0.00"," 9.5,25.3,50.7,84.1",53.90,-11.50,8/2/2001 13:52:51,8/2/2001 19:34:08,0.00,255
"cr2_KJ_01",13361,,5,,8/2/2001 21:56:38,82,60,,,18.00,12.00,18.00,18.00,12.00,0.00,0.00,0.00,,,,-67.75,-69.32,0.45,88.64,-67.75,-69.32,82,19.00,46.00,52.30,73.00,,4,3,"  12.0,  18.0,  18.0,  12.0"," 0.00, 0.00, 0.00","19.0,46.0,52.3,73.0",58.70,-11.80,8/2/2001 13:52:51,8/2/2001 19:34:09,0.00,255
"cr2_KJ_01",13361,,5,,8/2/2001 21:59:39,82,99,,,18.00,9.00,12.00,18.00,15.00,0.00,0.00,0.00,,,,-67.74,-69.32,0.44,88.68,-67.74,-69.32,82,11.10,26.90,55.50,82.50,,4,3,"   9.0,  12.0,  18.0,  15.0"," 0.00, 0.00, 0.00","11.1,26.9,55.5,82.5",68.20,-12.00,8/2/2001 13:52:51,8/2/2001 19:34:09,0.00,255
"cr2_KJ_01",13361,,6,,8/2/2001 22:02:02,118,66,,,12.00,12.00,12.00,12.00,9.00,0.00,0.00,0.00,,,,-67.74,-69.32,0.43,88.71,-67.74,-69.32,82,22.20,22.20,46.00,69.80,,4,3,"  12.0,  12.0,  12.0,   9.0"," 0.00, 0.00, 0.00","22.2,22.2,46.0,69.8",55.50,-12.30,8/2/2001 13:52:51,8/2/2001 19:34:10,0.00,255
"cr2_KJ_01",13361,,6,,8/2/2001 22:04:54,118,54,,,12.00,9.00,12.00,12.00,9.00,0.00,0.00,0.00,,,,-67.74,-69.32,0.42,88.75,-67.74,-69.32,82,20.60,49.20,49.20,69.80,,4,3,"   9.0,  12.0,  12.0,   9.0"," 0.00, 0.00, 0.00","20.6,49.2,49.2,69.8",55.50,-12.50,8/2/2001 13:52:51,8/2/2001 19:34:11,0.00,255
"cr2_KJ_01",13361,,3,,8/2/2001 22:08:18,102,66,,,15.00,15.00,15.00,9.00,12.00,0.00,0.00,0.00,,,,-67.74,-69.32,0.40,88.79,-67.74,-69.32,82,22.20,22.20,46.00,69.80,,4,3,"  15.0,  15.0,   9.0,  12.0"," 0.00, 0.00, 0.00","22.2,22.2,46.0,69.8",58.70,-12.80,8/2/2001 13:52:52,8/2/2001 19:34:11,0.00,255
"cr2_KJ_01",13361,,3,,8/2/2001 22:11:39,214,99,,,12.00,9.00,9.00,12.00,9.00,0.00,0.00,0.00,,,,-67.74,-69.32,0.39,88.84,-67.74,-69.32,82,7.90,23.80,39.60,82.50,,4,3,"   9.0,   9.0,  12.0,   9.0"," 0.00, 0.00, 0.00"," 7.9,23.8,39.6,82.5",65.00,-13.10,8/2/2001 13:52:52,8/2/2001 19:34:12,0.00,255
"cr2_KJ_01",13361,,5,,8/2/2001 22:16:18,102,48,,,9.00,9.00,9.00,9.00,6.00,0.00,0.00,0.00,,,,-67.74,-69.33,0.37,88.90,-67.74,-69.33,82,23.80,31.70,49.20,74.60,,4,3,"   9.0,   9.0,   9.0,   6.0"," 0.00, 0.00, 0.00","23.8,31.7,49.2,74.6",46.00,-13.60,8/2/2001 13:52:52,8/2/2001 19:34:13,0.00,255
"cr2_KJ_01",13361,,5,,8/2/2001 22:20:27,102,147,,,30.00,24.00,30.00,18.00,24.00,0.00,0.00,0.00,,,,-67.74,-69.33,0.35,88.95,-67.74,-69.33,106,36.50,57.10,73.00,88.80,,4,3,"  24.0,  30.0,  18.0,  24.0"," 0.00, 0.00, 0.00","36.5,57.1,73.0,88.8",57.10,-13.80,8/2/2001 13:52:52,8/2/2001 19:34:14,8.00,255
"cr2_KJ_01",13361,,5,,8/2/2001 22:22:30,90,30,,,6.00,6.00,6.00,6.00,6.00,0.00,0.00,0.00,,,,-67.74,-69.33,0.34,88.98,-67.74,-69.33,106,23.80,49.20,61.90,74.60,,4,3,"   6.0,   6.0,   6.0,   6.0"," 0.00, 0.00, 0.00","23.8,49.2,61.9,74.6",57.10,-14.20,8/2/2001 13:52:52,8/2/2001 19:34:15,0.00,255
"cr2_KJ_01",13361,,5,,8/2/2001 22:25:12,118,72,,,21.00,9.00,18.00,21.00,21.00,0.00,0.00,0.00,,,,-67.74,-69.33,0.34,88.95,-67.74,-69.33,106,20.60,49.20,65.00,71.40,,4,3,"   9.0,  18.0,  21.0,  21.0"," 0.00, 0.00, 0.00","20.6,49.2,65.0,71.4",52.30,-14.40,8/2/2001 13:52:52,8/2/2001 19:34:15,0.00,255
"cr2_KJ_01",13361,,4,,8/2/2001 22:26:58,302,42,,,12.00,6.00,12.00,12.00,12.00,0.00,0.00,0.00,,,,-67.74,-69.33,0.33,88.93,-67.74,-69.33,106,17.40,44.40,53.90,71.40,,4,3,"   6.0,  12.0,  12.0,  12.0"," 0.00, 0.00, 0.00","17.4,44.4,53.9,71.4",57.10,-14.60,8/2/2001 13:52:52,8/2/2001 19:34:15,0.00,255
"cr2_KJ_01",13361,,4,,8/2/2001 22:34:15,430,135,,,45.00,18.00,39.00,45.00,24.00,0.00,0.00,0.00,,,,-67.74,-69.33,0.32,88.86,-67.74,-69.33,106,17.40,38.00,60.30,80.90,,4,3,"  18.0,  39.0,  45.0,  24.0"," 0.00, 0.00, 0.00","17.4,38.0,60.3,80.9",53.90,-15.10,8/2/2001 13:52:51,8/2/2001 19:34:15,0.00,255
"cr2_KJ_01",13361,,3,,8/2/2001 22:43:30,462,90,,,24.00,12.00,21.00,24.00,18.00,0.00,0.00,0.00,,,,-67.74,-69.33,0.31,88.78,-67.74,-69.33,106,20.60,47.60,65.00,73.00,,4,3,"  12.0,  21.0,  24.0,  18.0"," 0.00, 0.00, 0.00","20.6,47.6,65.0,73.0",52.30,-16.10,8/2/2001 13:52:50,8/2/2001 19:34:16,0.00,255
"cr2_KJ_01",13361,,6,,8/2/2001 23:07:30,150,24,,,9.00,6.00,9.00,9.00,9.00,0.00,0.00,0.00,,,,-67.74,-69.33,0.27,88.55,-67.74,-69.33,82,15.80,49.20,65.00,65.00,,4,3,"   6.0,   9.0,   9.0,   9.0"," 0.00, 0.00, 0.00","15.8,49.2,65.0,65.0",58.70,-18.40,8/2/2001 13:52:47,8/2/2001 19:34:18,0.00,255
"cr2_KJ_01",13361,,6,,8/2/2001 23:11:24,398,84,,,21.00,12.00,15.00,18.00,21.00,0.00,0.00,0.00,,,,-67.74,-69.33,0.27,88.51,-67.74,-69.33,82,22.20,46.00,69.80,74.60,,4,3,"  12.0,  15.0,  18.0,  21.0"," 0.00, 0.00, 0.00","22.2,46.0,69.8,74.6",53.90,-18.70,8/2/2001 13:52:47,8/2/2001 19:34:18,0.00,255
"cr2_KJ_01",13361,,4,,8/2/2001 23:18:58,302,99,,,24.00,24.00,21.00,15.00,9.00,0.00,0.00,0.00,,,,-67.74,-69.33,0.26,88.44,-67.74,-69.33,82,41.20,61.90,74.60,82.50,,4,3,"  24.0,  21.0,  15.0,   9.0"," 0.00, 0.00, 0.00","41.2,61.9,74.6,82.5",53.90,-19.40,8/2/2001 13:52:46,8/2/2001 19:34:18,0.00,255
"cr2_KJ_01",13361,,4,,8/2/2001 23:25:51,102,111,,,42.00,21.00,36.00,42.00,33.00,0.00,0.00,0.00,,,,-67.73,-69.33,0.25,88.37,-67.73,-69.33,82,23.80,49.20,63.40,74.60,,4,3,"  21.0,  36.0,  42.0,  33.0"," 0.00, 0.00, 0.00","23.8,49.2,63.4,74.6",52.30,-20.00,8/2/2001 13:52:46,8/2/2001 19:34:19,8.00,255
"cr2_KJ_01",13361,,4,,8/2/2001 23:29:46,134,123,,,30.00,9.00,9.00,21.00,30.00,0.00,0.00,0.00,,,,-67.73,-69.32,0.24,88.33,-67.73,-69.32,82,7.90,20.60,55.50,77.70,,4,3,"   9.0,   9.0,  21.0,  30.0"," 0.00, 0.00, 0.00"," 7.9,20.6,55.5,77.7",46.00,-20.40,8/2/2001 13:52:45,8/2/2001 19:34:19,0.00,255
"cr2_KJ_01",13361,,5,,8/2/2001 23:39:56,4,18,,,6.00,6.00,6.00,6.00,6.00,0.00,0.00,0.00,,,,-67.73,-69.32,0.24,88.23,-67.73,-69.32,82,19.00,39.60,39.60,58.70,,4,3,"   6.0,   6.0,   6.0,   6.0"," 0.00, 0.00, 0.00","19.0,39.6,39.6,58.7",60.30,-21.50,8/2/2001 13:52:44,8/2/2001 19:34:20,0.00,255
"cr2_KJ_01",13361,,5,,8/2/2001 23:41:39,118,99,,,12.00,6.00,9.00,9.00,12.00,0.00,0.10,0.60,,,,-67.73,-69.32,0.24,88.21,-67.73,-69.32,82,19.00,30.10,46.00,65.00,,4,3,"   6.0,   9.0,   9.0,  12.0"," 0.00, 0.10, 0.60","19.0,30.1,46.0,65.0",49.20,-21.50,8/2/2001 13:52:44,8/2/2001 19:34:20,0.00,255
"cr2_KJ_01",13361,,7,,8/2/2001 23:45:46,134,99,,,21.00,9.00,9.00,21.00,12.00,0.80,0.80,0.95,,,,-67.73,-69.32,0.25,88.16,-67.73,-69.32,82,23.80,34.90,63.40,82.50,,4,3,"   9.0,   9.0,  21.0,  12.0"," 0.80, 0.80, 0.95","23.8,34.9,63.4,82.5",42.80,-21.90,8/2/2001 13:52:44,8/2/2001 19:34:20,0.00,255
"cr2_KJ_01",13361,,7,,8/2/2001 23:49:30,82,90,,,21.00,15.00,21.00,21.00,15.00,0.70,0.65,0.70,,,,-67.73,-69.32,0.27,88.12,-67.73,-69.32,82,30.10,55.50,65.00,82.50,,4,3,"  15.0,  21.0,  21.0,  15.0"," 0.70, 0.65, 0.70","30.1,55.5,65.0,82.5",55.50,-22.30,8/2/2001 13:52:43,8/2/2001 19:34:19,0.00,255
"cr2_KJ_01",13361,,5,,8/2/2001 23:54:15,462,135,,,55.50,30.00,55.50,55.50,30.00,0.85,1.00,1.10,,,,-67.73,-69.32,0.28,88.06,-67.73,-69.32,82,22.20,46.00,49.20,73.00,,4,3,"  30.0,  55.5,  55.5,  30.0"," 0.85, 1.00, 1.10","22.2,46.0,49.2,73.0",49.20,-22.70,8/2/2001 13:52:43,8/2/2001 19:34:19,16.00,255
"cr2_KJ_01",13361,,7,,8/3/2001 0:55:22,398,48,,,12.00,9.00,9.00,12.00,12.00,0.35,0.45,0.25,,,,-67.73,-69.30,0.99,87.19,-67.73,-69.30,82,22.20,46.00,68.20,68.20,,4,3,"   9.0,   9.0,  12.0,  12.0"," 0.35, 0.45, 0.25","22.2,46.0,68.2,68.2",63.40,-28.30,8/3/2001 13:48:27,8/3/2001 19:38:15,0.00,255
"cr2_KJ_01",13361,,7,,8/3/2001 1:02:48,302,48,,,9.00,6.00,9.00,9.00,6.00,0.55,0.40,0.70,,,,-67.73,-69.29,1.13,87.07,-67.73,-69.29,106,22.20,46.00,46.00,68.20,,4,3,"   6.0,   9.0,   9.0,   6.0"," 0.55, 0.40, 0.70","22.2,46.0,46.0,68.2",42.80,-29.00,8/3/2001 13:48:26,8/3/2001 19:38:14,0.00,255
"cr2_KJ_01",13361,,6,,8/3/2001 1:06:58,182,18,,,9.00,6.00,9.00,9.00,6.00,0.30,0.45,1.00,,,,-67.73,-69.29,1.21,87.00,-67.73,-69.29,130,19.00,39.60,39.60,58.70,,4,3,"   6.0,   9.0,   9.0,   6.0"," 0.30, 0.45, 1.00","19.0,39.6,39.6,58.7",44.40,-29.30,8/3/2001 13:48:25,8/3/2001 19:38:14,0.00,255
"cr2_KJ_01",13361,,6,,8/3/2001 1:14:57,82,297,,,79.50,39.00,79.50,48.00,55.50,0.80,0.70,0.75,,,,-67.73,-69.29,1.36,86.87,-67.73,-69.29,130,7.90,26.90,55.50,74.60,,4,3,"  39.0,  79.5,  48.0,  55.5"," 0.80, 0.70, 0.75"," 7.9,26.9,55.5,74.6",65.00,-29.60,8/3/2001 13:48:25,8/3/2001 19:38:13,24.00,255
"cr2_KJ_01",13361,,5,,8/3/2001 1:18:18,102,24,,,6.00,6.00,6.00,6.00,6.00,1.00,0.95,0.80,,,,-67.73,-69.29,1.42,86.82,-67.73,-69.29,130,12.60,26.90,41.20,69.80,,4,3,"   6.0,   6.0,   6.0,   6.0"," 1.00, 0.95, 0.80","12.6,26.9,41.2,69.8",58.70,-30.30,8/3/2001 13:48:24,8/3/2001 19:38:13,0.00,255
"cr2_KJ_01",13361,,5,,8/3/2001 1:25:45,74,345,,,127.50,33.00,85.50,127.50,61.50,0.95,0.90,1.10,,,,-67.73,-69.31,1.57,87.44,-67.73,-69.29,132,6.30,26.90,55.50,79.30,,4,3,"  33.0,  85.5, 127.5,  61.5"," 0.95, 0.90, 1.10"," 6.3,26.9,55.5,79.3",58.70,-30.40,8/3/2001 13:48:24,8/3/2001 19:38:13,24.00,255
"cr2_KJ_01",13361,,4,,8/3/2001 1:28:54,66,123,,,15.00,9.00,15.00,15.00,15.00,0.95,1.05,0.95,,,,-67.73,-69.32,1.63,87.77,-67.73,-69.31,132,9.50,28.50,53.90,73.00,,4,3,"   9.0,  15.0,  15.0,  15.0"," 0.95, 1.05, 0.95"," 9.5,28.5,53.9,73.0",66.60,-31.00,8/3/2001 13:48:28,8/3/2001 19:38:21,0.00,255
"cr2_KJ_01",13361,,4,,8/3/2001 1:31:12,90,72,,,9.00,9.00,9.00,9.00,9.00,1.00,1.10,1.10,,,,-67.73,-69.33,1.68,88.02,-67.73,-69.32,182,20.60,36.50,46.00,73.00,,4,3,"   9.0,   9.0,   9.0,   9.0"," 1.00, 1.10, 1.10","20.6,36.5,46.0,73.0",58.70,-31.20,8/3/2001 13:48:29,8/3/2001 19:38:24,0.00,255
"cr2_KJ_01",13361,,2,,8/3/2001 1:36:54,66,267,,,73.50,30.00,67.50,73.50,42.00,0.95,1.00,1.15,,,,-67.72,-69.35,1.79,88.62,-67.73,-69.33,279,7.90,25.30,46.00,79.30,,4,3,"  30.0,  67.5,  73.5,  42.0"," 0.95, 1.00, 1.15"," 7.9,25.3,46.0,79.3",63.40,-31.40,8/3/2001 13:48:31,8/3/2001 19:38:27,8.00,255
"cr2_KJ_01",13361,,2,,8/3/2001 1:40:39,66,159,,,18.00,15.00,18.00,18.00,18.00,0.75,1.00,1.00,,,,-67.72,-69.36,1.87,89.02,-67.72,-69.35,279,22.20,42.80,47.60,73.00,,4,3,"  15.0,  18.0,  18.0,  18.0"," 0.75, 1.00, 1.00","22.2,42.8,47.6,73.0",65.00,-31.90,8/3/2001 13:48:34,8/3/2001 19:38:34,0.00,255
"cr2_KJ_01",13361,,2,,8/3/2001 1:42:46,74,111,,,12.00,9.00,12.00,12.00,6.00,0.75,0.90,1.00,,,,-67.72,-69.36,1.80,89.02,-67.72,-69.36,316,9.50,31.70,52.30,84.10,,4,3,"   9.0,  12.0,  12.0,   6.0"," 0.75, 0.90, 1.00"," 9.5,31.7,52.3,84.1",58.70,-32.10,8/3/2001 13:48:36,8/3/2001 19:38:37,0.00,255
"cr2_KJ_01",13361,,2,,8/3/2001 1:46:39,102,159,,,18.00,12.00,18.00,18.00,9.00,0.85,0.90,0.90,,,,-67.72,-69.36,1.61,88.88,-67.72,-69.36,316,22.20,53.90,69.80,80.90,,4,3,"  12.0,  18.0,  18.0,   9.0"," 0.85, 0.90, 0.90","22.2,53.9,69.8,80.9",58.70,-32.30,8/3/2001 13:48:34,8/3/2001 19:38:39,0.00,255
"cr2_KJ_01",13361,,3,,8/3/2001 1:53:02,58,219,,,45.00,33.00,45.00,36.00,18.00,0.90,1.05,1.05,,,,-67.71,-69.36,1.29,88.64,-67.72,-69.36,316,20.60,52.30,80.90,92.00,,4,3,"  33.0,  45.0,  36.0,  18.0"," 0.90, 1.05, 1.05","20.6,52.3,80.9,92.0",66.60,-32.70,8/3/2001 13:48:32,8/3/2001 19:38:41,8.00,255
"cr2_KJ_01",13361,,3,,8/3/2001 1:55:51,82,111,,,9.00,9.00,9.00,9.00,9.00,0.95,1.00,1.00,,,,-67.71,-69.36,1.14,88.53,-67.71,-69.36,316,9.50,20.60,36.50,53.90,,4,3,"   9.0,   9.0,   9.0,   9.0"," 0.95, 1.00, 1.00"," 9.5,20.6,36.5,53.9",55.50,-33.10,8/3/2001 13:48:30,8/3/2001 19:38:43,0.00,255
"cr2_KJ_01",13361,,4,,8/3/2001 1:59:02,58,99,,,12.00,9.00,9.00,12.00,9.00,1.05,0.95,1.05,,,,-67.71,-69.36,0.98,88.41,-67.71,-69.36,316,11.10,38.00,52.30,84.10,,4,3,"   9.0,   9.0,  12.0,   9.0"," 1.05, 0.95, 1.05","11.1,38.0,52.3,84.1",73.00,-33.30,8/3/2001 13:48:28,8/3/2001 19:38:44,0.00,255
"cr2_KJ_01",13361,,4,,8/3/2001 2:01:24,102,84,,,12.00,9.00,12.00,9.00,6.00,1.05,0.90,1.05,,,,-67.71,-69.36,0.86,88.33,-67.71,-69.36,316,12.60,39.60,66.60,80.90,,4,3,"   9.0,  12.0,   9.0,   6.0"," 1.05, 0.90, 1.05","12.6,39.6,66.6,80.9",49.20,-33.50,8/3/2001 13:48:27,8/3/2001 19:38:45,0.00,255
"cr2_KJ_01",13361,,1,,8/3/2001 2:06:38,82,255,,,55.50,42.00,48.00,55.50,45.00,0.95,1.00,1.10,,,,-67.71,-69.36,0.67,88.16,-67.71,-69.36,316,17.40,36.50,58.70,77.70,,4,3,"  42.0,  48.0,  55.5,  45.0"," 0.95, 1.00, 1.10","17.4,36.5,58.7,77.7",69.80,-33.70,8/3/2001 13:48:24,8/3/2001 19:38:48,8.00,255
"cr2_KJ_01",13361,,1,,8/3/2001 2:11:15,462,195,,,67.50,27.00,55.50,67.50,45.00,0.90,1.05,0.85,,,,-67.71,-69.36,0.71,88.12,-67.71,-69.36,279,23.80,49.20,61.90,74.60,,4,3,"  27.0,  55.5,  67.5,  45.0"," 0.90, 1.05, 0.85","23.8,49.2,61.9,74.6",49.20,-34.00,8/3/2001 13:48:24,8/3/2001 19:38:47,8.00,255
"cr2_KJ_01",13361,,4,,8/3/2001 2:31:14,166,537,,,178.50,79.50,139.50,178.50,121.50,1.20,0.85,0.95,,,,-67.71,-69.35,0.86,87.91,-67.71,-69.36,279,7.90,23.80,34.90,80.90,,4,3,"  79.5, 139.5, 178.5, 121.5"," 1.20, 0.85, 0.95"," 7.9,23.8,34.9,80.9",66.60,-35.00,8/3/2001 13:48:23,8/3/2001 19:38:47,24.00,255
"cr2_KJ_01",13361,,4,,8/3/2001 2:39:45,270,345,,,166.50,55.50,115.50,166.50,115.50,0.40,0.85,1.15,,,,-67.71,-69.35,0.93,87.83,-67.71,-69.35,279,12.60,25.30,50.70,73.00,,4,3,"  55.5, 115.5, 166.5, 115.5"," 0.40, 0.85, 1.15","12.6,25.3,50.7,73.0",60.30,-35.70,8/3/2001 13:48:22,8/3/2001 19:38:46,16.00,255
"cr2_KJ_01",13361,,3,,8/3/2001 2:45:30,150,54,,,12.00,12.00,12.00,12.00,9.00,0.60,0.85,0.35,,,,-67.71,-69.35,0.98,87.77,-67.71,-69.35,279,20.60,26.90,49.20,69.80,,4,3,"  12.0,  12.0,  12.0,   9.0"," 0.60, 0.85, 0.35","20.6,26.9,49.2,69.8",63.40,-36.30,8/3/2001 13:48:21,8/3/2001 19:38:46,0.00,255
"cr2_KJ_01",13361,,3,,8/3/2001 2:49:12,462,72,,,9.00,6.00,9.00,9.00,9.00,0.60,0.75,0.55,,,,-67.71,-69.35,1.01,87.73,-67.71,-69.35,279,20.60,49.20,53.90,71.40,,4,3,"   6.0,   9.0,   9.0,   9.0"," 0.60, 0.75, 0.55","20.6,49.2,53.9,71.4",55.50,-36.50,8/3/2001 13:48:21,8/3/2001 19:38:46,0.00,255
"cr2_KJ_01",13361,,2,,8/3/2001 3:02:02,238,243,,,73.50,45.00,55.50,73.50,67.50,1.20,1.15,1.25,,,,-67.71,-69.35,1.11,87.60,-67.71,-69.35,279,17.40,30.10,50.70,66.60,,4,3,"  45.0,  55.5,  73.5,  67.5"," 1.20, 1.15, 1.25","17.4,30.1,50.7,66.6",60.30,-37.00,8/3/2001 13:48:20,8/3/2001 19:38:46,8.00,255
"cr2_KJ_01",13361,,2,,8/3/2001 3:07:30,462,90,,,9.00,9.00,9.00,9.00,9.00,1.30,1.35,1.35,,,,-67.71,-69.35,1.15,87.55,-67.71,-69.35,279,25.30,38.00,65.00,82.50,,4,3,"   9.0,   9.0,   9.0,   9.0"," 1.30, 1.35, 1.35","25.3,38.0,65.0,82.5",61.90,-37.40,8/3/2001 13:48:20,8/3/2001 19:38:45,0.00,255
"cr2_KJ_01",13361,,1,,8/3/2001 3:28:02,118,267,,,67.50,48.00,67.50,67.50,39.00,1.05,1.15,1.10,,,,-67.70,-69.31,1.49,86.27,-67.70,-69.33,182,22.20,49.20,49.20,73.00,,4,3,"  48.0,  67.5,  67.5,  39.0"," 1.05, 1.15, 1.10","22.2,49.2,49.2,73.0",58.70,-38.20,8/3/2001 13:48:15,8/3/2001 19:38:41,24.00,255
"cr2_KJ_01",13361,,1,,8/3/2001 3:32:51,462,171,,,27.00,9.00,21.00,27.00,24.00,1.15,1.20,1.35,,,,-67.70,-69.30,1.62,85.67,-67.70,-69.31,182,22.20,47.60,61.90,73.00,,4,3,"   9.0,  21.0,  27.0,  24.0"," 1.15, 1.20, 1.35","22.2,47.6,61.9,73.0",49.20,-38.40,8/3/2001 13:48:09,8/3/2001 19:38:36,0.00,255
"cr2_KJ_01",13361,,2,,8/3/2001 4:33:46,134,36,,,6.00,6.00,6.00,6.00,6.00,1.00,1.15,1.15,,,,-67.71,-69.36,1.27,88.47,-67.71,-69.36,279,9.50,20.60,42.80,65.00,,4,3,"   6.0,   6.0,   6.0,   6.0"," 1.00, 1.15, 1.15"," 9.5,20.6,42.8,65.0",63.40,-39.70,8/3/2001 13:48:28,8/3/2001 19:38:41,0.00,255
"cr2_KJ_01",13361,,2,,8/3/2001 4:36:48,366,48,,,6.00,6.00,6.00,6.00,6.00,0.75,0.05,0.30,,,,-67.72,-69.36,1.22,88.77,-67.72,-69.36,316,23.80,23.80,49.20,74.60,,4,3,"   6.0,   6.0,   6.0,   6.0"," 0.75, 0.05, 0.30","23.8,23.8,49.2,74.6",44.40,-39.80,8/3/2001 13:48:31,8/3/2001 19:38:42,0.00,255
"cr2_KJ_01",13361,,2,,8/3/2001 4:43:46,134,42,,,9.00,6.00,9.00,9.00,6.00,0.00,0.10,0.00,,,,-67.72,-69.36,1.09,88.80,-67.72,-69.36,354,17.40,44.40,44.40,71.40,,4,3,"   6.0,   9.0,   9.0,   6.0"," 0.00, 0.10, 0.00","17.4,44.4,44.4,71.4",42.80,-39.80,8/3/2001 13:48:32,8/3/2001 19:38:42,0.00,255
"cr2_KJ_01",13361,,2,,8/3/2001 4:46:30,462,30,,,6.00,6.00,6.00,6.00,6.00,0.20,0.45,1.93,,,,-67.72,-69.36,1.04,88.72,-67.72,-69.36,316,23.80,49.20,49.20,74.60,,4,3,"   6.0,   6.0,   6.0,   6.0"," 0.20, 0.45, 1.93","23.8,49.2,49.2,74.6",68.20,-39.80,8/3/2001 13:48:31,8/3/2001 19:38:41,0.00,255
"cr2_KJ_01",13361,,1,,8/3/2001 4:54:18,462,18,,,6.00,6.00,6.00,6.00,6.00,0.00,0.00,0.00,,,,-67.72,-69.35,0.90,88.49,-67.72,-69.35,279,19.00,39.60,39.60,58.70,,4,3,"   6.0,   6.0,   6.0,   6.0"," 0.00, 0.00, 0.00","19.0,39.6,39.6,58.7",69.80,-39.70,8/3/2001 13:48:30,8/3/2001 19:38:38,0.00,255
"cr2_KJ_01",13361,,1,,8/3/2001 5:22:12,462,12,,,6.00,6.00,6.00,6.00,6.00,4.73,0.10,4.73,,,,-67.73,-69.36,0.74,89.24,-67.73,-69.36,205,0.00,31.70,31.70,65.00,,4,3,"   6.0,   6.0,   6.0,   6.0"," 4.73, 0.10, 4.73"," 0.0,31.7,31.7,65.0",46.00,-39.40,8/3/2001 13:48:39,8/3/2001 19:38:31,0.00,255
"cr2_KJ_01",13361,,1,,8/3/2001 5:42:18,462,18,,,6.00,6.00,6.00,6.00,6.00,1.20,0.95,0.55,,,,-67.73,-69.35,0.73,88.99,-67.73,-69.35,131,19.00,39.60,39.60,58.70,,4,3,"   6.0,   6.0,   6.0,   6.0"," 1.20, 0.95, 0.55","19.0,39.6,39.6,58.7",65.00,-38.90,8/3/2001 13:48:38,8/3/2001 19:38:28,0.00,255
"cr2_KJ_01",13361,,2,,8/3/2001 5:58:58,302,48,,,9.00,6.00,9.00,9.00,9.00,1.25,0.80,1.25,,,,-67.73,-69.34,0.74,88.49,-67.73,-69.34,205,22.20,46.00,46.00,68.20,,4,3,"   6.0,   9.0,   9.0,   9.0"," 1.25, 0.80, 1.25","22.2,46.0,46.0,68.2",55.50,-38.30,8/3/2001 13:48:34,8/3/2001 19:38:28,0.00,255
"cr2_KJ_01",13361,,2,,8/3/2001 6:04:24,118,24,,,12.00,9.00,12.00,12.00,9.00,0.55,0.75,1.45,,,,-67.73,-69.34,0.74,88.33,-67.73,-69.34,205,15.80,31.70,49.20,65.00,,4,3,"   9.0,  12.0,  12.0,   9.0"," 0.55, 0.75, 1.45","15.8,31.7,49.2,65.0",53.90,-38.10,8/3/2001 13:48:33,8/3/2001 19:38:27,0.00,255
"cr2_KJ_01",13361,,1,,8/3/2001 6:07:06,462,66,,,27.00,24.00,27.00,24.00,15.00,0.85,0.50,0.40,,,,-67.73,-69.33,0.74,88.24,-67.73,-69.33,279,22.20,34.90,46.00,69.80,,4,3,"  24.0,  27.0,  24.0,  15.0"," 0.85, 0.50, 0.40","22.2,34.9,46.0,69.8",55.50,-38.00,8/3/2001 13:48:32,8/3/2001 19:38:27,0.00,255
"cr2_KJ_01",13361,,1,,8/3/2001 6:23:10,50,36,,,18.00,15.00,18.00,18.00,15.00,1.35,1.45,0.80,,,,-67.73,-69.33,0.78,88.19,-67.73,-69.33,205,20.60,42.80,42.80,65.00,,4,3,"  15.0,  18.0,  18.0,  15.0"," 1.35, 1.45, 0.80","20.6,42.8,42.8,65.0",65.00,-37.30,8/3/2001 13:48:31,8/3/2001 19:38:26,0.00,255
"cr2_KJ_01",13361,,1,,8/3/2001 6:24:24,28,24,,,6.00,6.00,6.00,6.00,6.00,0.80,0.80,1.15,,,,-67.73,-69.33,0.79,88.25,-67.73,-69.33,205,12.60,12.60,41.20,69.80,,4,3,"   6.0,   6.0,   6.0,   6.0"," 0.80, 0.80, 1.15","12.6,12.6,41.2,69.8",53.90,-37.20,8/3/2001 13:48:32,8/3/2001 19:38:26,0.00,255
"cr2_KJ_01",13361,,1,,8/3/2001 10:21:46,134,42,,,15.00,12.00,12.00,15.00,12.00,0.00,0.00,0.00,,,,-67.79,-69.45,1.42,96.38,-67.79,-69.45,143,17.40,44.40,53.90,71.40,,4,3,"  12.0,  12.0,  15.0,  12.0"," 0.00, 0.00, 0.00","17.4,44.4,53.9,71.4",60.30,-18.30,8/3/2001 13:49:49,8/3/2001 19:38:06,0.00,255
"cr2_KJ_01",13361,,1,,8/3/2001 10:26:15,102,135,,,12.00,6.00,9.00,12.00,9.00,0.00,0.00,0.00,,,,-67.80,-69.46,1.44,96.62,-67.80,-69.45,143,7.90,63.40,80.90,87.30,,4,3,"   6.0,   9.0,  12.0,   9.0"," 0.00, 0.00, 0.00"," 7.9,63.4,80.9,87.3",44.40,-18.00,8/3/2001 13:49:50,8/3/2001 19:38:06,0.00,255
"cr2_KJ_01",13361,,1,,8/3/2001 10:33:14,166,297,,,103.50,36.00,85.50,103.50,85.50,0.00,0.60,1.20,,,,-67.79,-69.44,1.46,95.85,-67.79,-69.45,105,7.90,26.90,49.20,71.40,,4,3,"  36.0,  85.5, 103.5,  85.5"," 0.00, 0.60, 1.20"," 7.9,26.9,49.2,71.4",65.00,-17.60,8/3/2001 13:49:50,8/3/2001 19:38:06,8.00,255
"cr2_KJ_01",13361,,1,,8/3/2001 10:39:03,462,183,,,79.50,33.00,67.50,79.50,67.50,1.15,1.40,1.15,,,,-67.79,-69.43,1.47,95.17,-67.79,-69.43,105,23.80,49.20,61.90,73.00,,4,3,"  33.0,  67.5,  79.5,  67.5"," 1.15, 1.40, 1.15","23.8,49.2,61.9,73.0",52.30,-16.80,8/3/2001 13:49:42,8/3/2001 19:38:05,8.00,255
"cr2_KJ_01",13361,,1,,8/3/2001 11:16:58,182,30,,,6.00,6.00,6.00,6.00,6.00,1.00,1.15,0.95,,,,-67.76,-69.34,1.57,90.75,-67.76,-69.34,134,23.80,23.80,49.20,74.60,,4,3,"   6.0,   6.0,   6.0,   6.0"," 1.00, 1.15, 0.95","23.8,23.8,49.2,74.6",52.30,-13.00,8/3/2001 13:49:02,8/3/2001 19:38:02,0.00,255
"cr2_KJ_01",13361,,1,,8/3/2001 11:23:39,166,219,,,85.50,39.00,67.50,85.50,73.50,1.30,1.45,1.50,,,,-67.76,-69.34,1.50,90.25,-67.76,-69.33,132,14.20,31.70,50.70,61.90,,4,3,"  39.0,  67.5,  85.5,  73.5"," 1.30, 1.45, 1.50","14.2,31.7,50.7,61.9",55.50,-12.70,8/3/2001 13:48:58,8/3/2001 19:38:01,8.00,255
"cr2_KJ_01",13361,,2,,8/3/2001 11:26:54,66,12,,,6.00,6.00,6.00,6.00,6.00,4.73,0.95,4.73,,,,-67.76,-69.34,1.41,90.21,-67.76,-69.34,131,0.00,31.70,65.00,65.00,,4,3,"   6.0,   6.0,   6.0,   6.0"," 4.73, 0.95, 4.73"," 0.0,31.7,65.0,65.0",61.90,-12.10,8/3/2001 13:48:56,8/3/2001 19:38:05,0.00,255
"cr2_KJ_01",13361,,2,,8/3/2001 11:31:27,366,207,,,33.00,15.00,24.00,27.00,33.00,1.30,1.40,1.35,,,,-67.76,-69.34,1.28,90.16,-67.76,-69.34,131,12.60,30.10,60.30,69.80,,4,3,"  15.0,  24.0,  27.0,  33.0"," 1.30, 1.40, 1.35","12.6,30.1,60.3,69.8",60.30,-12.00,8/3/2001 13:48:56,8/3/2001 19:38:06,0.00,255
"cr2_KJ_01",13361,,2,,8/3/2001 11:40:38,82,207,,,61.50,33.00,61.50,45.00,36.00,0.50,1.40,1.45,,,,-67.75,-69.35,1.09,90.12,-67.75,-69.34,131,11.10,31.70,60.30,69.80,,4,3,"  33.0,  61.5,  45.0,  36.0"," 0.50, 1.40, 1.45","11.1,31.7,60.3,69.8",57.10,-11.10,8/3/2001 13:48:53,8/3/2001 19:38:11,8.00,255
"cr2_KJ_01",13361,,2,,8/3/2001 11:46:57,462,297,,,145.50,45.00,85.50,145.50,121.50,1.35,1.35,1.45,,,,-67.75,-69.35,1.07,90.18,-67.75,-69.35,131,12.60,26.90,47.60,71.40,,4,3,"  45.0,  85.5, 145.5, 121.5"," 1.35, 1.35, 1.45","12.6,26.9,47.6,71.4",60.30,-10.70,8/3/2001 13:48:53,8/3/2001 19:38:14,24.00,255
"cr2_KJ_01",13361,,1,,8/3/2001 12:03:46,134,207,,,55.50,51.00,55.50,30.00,15.00,1.30,1.40,1.40,,,,-67.74,-69.37,1.02,90.34,-67.74,-69.36,186,22.20,26.90,47.60,73.00,,4,3,"  51.0,  55.5,  30.0,  15.0"," 1.30, 1.40, 1.40","22.2,26.9,47.6,73.0",44.40,-9.10,8/3/2001 13:48:51,8/3/2001 19:38:23,16.00,255
"cr2_KJ_01",13361,,1,,8/3/2001 12:11:45,118,345,,,109.50,67.50,97.50,109.50,85.50,1.10,1.30,1.40,,,,-67.74,-69.37,0.99,90.41,-67.74,-69.37,186,12.60,33.30,69.80,82.50,,4,3,"  67.5,  97.5, 109.5,  85.5"," 1.10, 1.30, 1.40","12.6,33.3,69.8,82.5",71.40,-8.60,8/3/2001 13:48:50,8/3/2001 19:38:26,24.00,255
"cr2_KJ_01",13361,,1,,8/3/2001 12:18:38,82,297,,,139.50,109.50,139.50,133.50,91.50,1.55,1.50,1.73,,,,-67.73,-69.38,0.97,90.48,-67.74,-69.38,186,23.80,41.20,49.20,74.60,,4,3," 109.5, 139.5, 133.5,  91.5"," 1.55, 1.50, 1.73","23.8,41.2,49.2,74.6",65.00,-8.00,8/3/2001 13:48:49,8/3/2001 19:38:30,24.00,255
"cr2_KJ_01",13361,,1,,8/3/2001 12:24:39,270,279,,,115.50,79.50,109.50,115.50,109.50,1.50,1.30,1.45,,,,-67.73,-69.39,0.95,90.53,-67.73,-69.38,186,22.20,49.20,66.60,73.00,,4,3,"  79.5, 109.5, 115.5, 109.5"," 1.50, 1.30, 1.45","22.2,49.2,66.6,73.0",68.20,-7.40,8/3/2001 13:48:49,8/3/2001 19:38:33,24.00,255
"cr2_KJ_01",13361,,2,,8/3/2001 12:29:40,20,60,,,6.00,6.00,6.00,6.00,6.00,1.25,1.40,1.40,,,,-67.73,-69.39,0.93,90.58,-67.73,-69.39,186,19.00,46.00,58.70,73.00,,4,3,"   6.0,   6.0,   6.0,   6.0"," 1.25, 1.40, 1.40","19.0,46.0,58.7,73.0",68.20,-6.70,8/3/2001 13:48:48,8/3/2001 19:38:38,0.00,255
"cr2_KJ_01",13361,,2,,8/3/2001 12:30:48,66,48,,,18.00,9.00,18.00,18.00,9.00,1.40,1.00,0.90,,,,-67.73,-69.39,0.93,90.59,-67.73,-69.39,270,23.80,49.20,49.20,74.60,,4,3,"   9.0,  18.0,  18.0,   9.0"," 1.40, 1.00, 0.90","23.8,49.2,49.2,74.6",44.40,-6.60,8/3/2001 13:48:48,8/3/2001 19:38:38,0.00,255
"cr2_KJ_01",13361,,2,,8/3/2001 12:36:26,334,297,,,127.50,109.50,127.50,121.50,73.50,1.40,1.40,1.45,,,,-67.73,-69.40,0.91,90.64,-67.73,-69.39,270,25.30,44.40,65.00,84.10,,4,3," 109.5, 127.5, 121.5,  73.5"," 1.40, 1.40, 1.45","25.3,44.4,65.0,84.1",71.40,-6.50,8/3/2001 13:48:48,8/3/2001 19:38:39,16.00,255
"cr2_KJ_01",13361,,2,,8/3/2001 12:42:36,198,36,,,9.00,6.00,6.00,9.00,9.00,1.35,1.05,0.45,,,,-67.72,-69.40,0.89,90.70,-67.72,-69.40,371,20.60,42.80,65.00,65.00,,4,3,"   6.0,   6.0,   9.0,   9.0"," 1.35, 1.05, 0.45","20.6,42.8,65.0,65.0",55.50,-5.60,8/3/2001 13:48:47,8/3/2001 19:38:44,0.00,255
"cr2_KJ_01",13361,,1,,8/3/2001 12:51:10,50,267,,,33.00,33.00,15.00,21.00,15.00,0.45,0.95,1.25,,,,-67.72,-69.41,0.86,90.78,-67.72,-69.40,371,20.60,31.70,47.60,60.30,,4,3,"  33.0,  15.0,  21.0,  15.0"," 0.45, 0.95, 1.25","20.6,31.7,47.6,60.3",39.60,-5.30,8/3/2001 13:48:46,8/3/2001 19:38:47,8.00,255
"cr2_KJ_01",13361,,1,,8/3/2001 12:53:06,238,66,,,9.00,9.00,9.00,9.00,6.00,1.50,1.05,0.95,,,,-67.72,-69.41,0.86,90.80,-67.72,-69.41,371,22.20,22.20,46.00,69.80,,4,3,"   9.0,   9.0,   9.0,   6.0"," 1.50, 1.05, 0.95","22.2,22.2,46.0,69.8",61.90,-4.90,8/3/2001 13:48:46,8/3/2001 19:38:50,0.00,255
"cr2_KJ_01",13361,,1,,8/3/2001 13:42:18,102,609,,,250.50,238.50,250.50,226.50,226.50,1.55,0.80,1.40,,,,-67.70,-69.45,0.70,91.26,-67.70,-69.44,256,17.40,23.80,61.90,77.70,,4,3," 238.5, 250.5, 226.5, 226.5"," 1.55, 0.80, 1.40","17.4,23.8,61.9,77.7",74.60,-2.00,8/3/2001 13:48:42,8/3/2001 19:39:10,24.00,255
"cr2_KJ_01",13361,,1,,8/3/2001 13:53:21,166,561,,,250.50,214.50,250.50,214.50,27.00,1.73,1.05,1.15,,,,-67.70,-69.45,0.67,91.10,-67.70,-69.46,256,12.60,39.60,73.00,93.60,,4,3," 214.5, 250.5, 214.5,  27.0"," 1.73, 1.05, 1.15","12.6,39.6,73.0,93.6",73.00,-1.20,8/3/2001 13:48:41,8/3/2001 19:39:17,24.00,255
"cr2_KJ_01",13361,,1,,8/3/2001 14:07:30,150,633,,,352.50,322.50,352.50,310.50,286.50,1.50,0.65,1.15,,,,-67.70,-69.44,0.64,90.77,-67.70,-69.45,256,25.30,42.80,63.40,68.20,,4,3," 322.5, 352.5, 310.5, 286.5"," 1.50, 0.65, 1.15","25.3,42.8,63.4,68.2",66.60,-0.40,8/3/2001 13:48:38,8/3/2001 19:39:16,24.00,255
"cr2_KJ_01",13361,,1,,8/3/2001 14:24:45,166,885,,,376.50,352.50,376.50,334.50,322.50,1.40,0.65,1.15,,,,-67.69,-69.44,0.60,90.37,-67.70,-69.44,256,20.60,28.50,38.00,76.10,,4,3," 352.5, 376.5, 334.5, 322.5"," 1.40, 0.65, 1.15","20.6,28.5,38.0,76.1",68.20,0.40,8/3/2001 13:48:36,8/3/2001 19:39:16,24.00,255
"cr2_KJ_01",13361,,1,,8/3/2001 14:39:14,166,693,,,352.50,139.50,322.50,352.50,322.50,1.25,0.75,1.15,,,,-67.69,-69.43,0.56,90.03,-67.69,-69.43,257,7.90,23.80,60.30,66.60,,4,3," 139.5, 322.5, 352.5, 322.5"," 1.25, 0.75, 1.15"," 7.9,23.8,60.3,66.6",66.60,1.40,8/3/2001 13:48:32,8/3/2001 19:39:15,24.00,255
"cr2_KJ_01",13361,,1,,8/3/2001 14:54:21,198,741,,,352.50,139.50,334.50,352.50,322.50,1.30,0.80,1.30,,,,-67.69,-69.42,0.53,89.68,-67.69,-69.43,303,7.90,25.30,46.00,71.40,,4,3," 139.5, 334.5, 352.5, 322.5"," 1.30, 0.80, 1.30"," 7.9,25.3,46.0,71.4",66.60,2.10,8/3/2001 13:48:30,8/3/2001 19:39:14,24.00,255
"cr2_KJ_01",13361,,1,,8/3/2001 15:09:14,166,741,,,352.50,322.50,334.50,352.50,322.50,1.30,0.60,1.30,,,,-67.69,-69.41,0.49,89.33,-67.69,-69.42,303,22.20,47.60,66.60,73.00,,4,3," 322.5, 334.5, 352.5, 322.5"," 1.30, 0.60, 1.30","22.2,47.6,66.6,73.0",66.60,2.70,8/3/2001 13:48:27,8/3/2001 19:39:13,24.00,255
"cr2_KJ_01",13361,,1,,8/3/2001 15:24:21,238,741,,,400.50,127.50,376.50,400.50,352.50,1.15,0.75,1.35,,,,-67.69,-69.41,0.46,88.98,-67.69,-69.41,303,7.90,26.90,47.60,71.40,,4,3," 127.5, 376.5, 400.5, 352.5"," 1.15, 0.75, 1.35"," 7.9,26.9,47.6,71.4",65.00,3.30,8/3/2001 13:48:24,8/3/2001 19:39:13,24.00,255
"cr2_KJ_01",13361,,2,,8/3/2001 15:42:42,198,837,,,400.50,376.50,400.50,400.50,352.50,1.35,0.55,1.20,,,,-67.69,-69.40,0.42,88.55,-67.69,-69.40,303,23.80,41.20,52.30,71.40,,4,3," 376.5, 400.5, 400.5, 352.5"," 1.35, 0.55, 1.20","23.8,41.2,52.3,71.4",65.00,3.80,8/3/2001 13:48:21,8/3/2001 19:39:12,24.00,255
"cr2_KJ_01",13361,,2,,8/3/2001 15:51:21,302,321,,,109.50,48.00,97.50,109.50,73.50,1.05,1.05,1.20,,,,-67.69,-69.39,0.40,88.34,-67.69,-69.40,315,6.30,20.60,30.10,65.00,,4,3,"  48.0,  97.5, 109.5,  73.5"," 1.05, 1.05, 1.20"," 6.3,20.6,30.1,65.0",66.60,4.30,8/3/2001 13:48:18,8/3/2001 19:39:11,24.00,255
"cr2_KJ_01",13361,,1,,8/3/2001 16:12:02,238,933,,,424.50,400.50,400.50,424.50,376.50,1.20,0.60,1.20,,,,-67.68,-69.38,0.35,87.86,-67.69,-69.39,328,28.50,39.60,44.40,73.00,,4,3," 400.5, 400.5, 424.5, 376.5"," 1.20, 0.60, 1.20","28.5,39.6,44.4,73.0",58.70,4.50,8/3/2001 13:48:16,8/3/2001 19:39:10,24.00,255
"cr2_KJ_01",13361,,1,,8/3/2001 16:17:39,182,99,,,24.00,15.00,21.00,24.00,21.00,0.85,0.85,0.85,,,,-67.68,-69.38,0.33,87.73,-67.68,-69.38,328,11.10,39.60,71.40,79.30,,4,3,"  15.0,  21.0,  24.0,  21.0"," 0.85, 0.85, 0.85","11.1,39.6,71.4,79.3",65.00,4.80,8/3/2001 13:48:12,8/3/2001 19:39:10,0.00,255
"cr2_KJ_01",13361,,1,,8/3/2001 16:32:09,462,609,,,400.50,334.50,400.50,352.50,121.50,1.30,0.95,1.05,,,,-67.68,-69.37,0.30,87.39,-67.68,-69.38,328,28.50,44.40,65.00,85.70,,4,3," 334.5, 400.5, 352.5, 121.5"," 1.30, 0.95, 1.05","28.5,44.4,65.0,85.7",60.30,4.90,8/3/2001 13:48:11,8/3/2001 19:39:09,24.00,255
"cr2_KJ_01",13361,,1,,8/3/2001 16:43:44,16,66,,,15.00,12.00,15.00,15.00,12.00,0.45,0.55,0.85,,,,-67.68,-69.37,0.27,87.12,-67.68,-69.37,328,22.20,39.60,46.00,69.80,,4,3,"  12.0,  15.0,  15.0,  12.0"," 0.45, 0.55, 0.85","22.2,39.6,46.0,69.8",55.50,5.00,8/3/2001 13:48:07,8/3/2001 19:39:08,0.00,255
"cr2_KJ_01",13361,,1,,8/3/2001 16:44:12,462,12,,,6.00,6.00,6.00,6.00,6.00,0.45,0.90,4.73,,,,-67.68,-69.37,0.27,87.11,-67.68,-69.37,328,23.80,23.80,49.20,74.60,,4,3,"   6.0,   6.0,   6.0,   6.0"," 0.45, 0.90, 4.73","23.8,23.8,49.2,74.6",52.30,5.00,8/3/2001 13:48:07,8/3/2001 19:39:08,0.00,255
"cr2_KJ_01",13361,,2,,8/3/2001 16:55:30,150,60,,,6.00,6.00,6.00,6.00,6.00,0.90,1.10,0.95,,,,-67.68,-69.36,0.25,86.85,-67.68,-69.36,280,12.60,19.00,46.00,73.00,,4,3,"   6.0,   6.0,   6.0,   6.0"," 0.90, 1.10, 0.95","12.6,19.0,46.0,73.0",41.20,4.90,8/3/2001 13:48:05,8/3/2001 19:39:08,0.00,255
"cr2_KJ_01",13361,,2,,8/3/2001 17:09:33,134,693,,,400.50,145.50,376.50,400.50,322.50,1.05,1.00,1.35,,,,-67.68,-69.35,0.21,86.52,-67.68,-69.36,233,12.60,44.40,60.30,69.80,,4,3," 145.5, 376.5, 400.5, 322.5"," 1.05, 1.00, 1.35","12.6,44.4,60.3,69.8",52.30,4.90,8/3/2001 13:48:04,8/3/2001 19:39:07,24.00,255
"cr2_KJ_01",13361,,1,,8/3/2001 17:12:02,118,111,,,9.00,6.00,6.00,9.00,6.00,0.95,1.00,1.00,,,,-67.68,-69.35,0.21,86.48,-67.68,-69.35,233,6.30,41.20,66.60,84.10,,4,3,"   6.0,   6.0,   9.0,   6.0"," 0.95, 1.00, 1.00"," 6.3,41.2,66.6,84.1",52.30,4.80,8/3/2001 13:48:02,8/3/2001 19:39:07,0.00,255
"cr2_KJ_01",13361,,1,,8/3/2001 17:15:24,150,84,,,9.00,6.00,6.00,9.00,9.00,1.10,1.00,0.90,,,,-67.68,-69.35,0.21,86.49,-67.68,-69.35,233,31.70,49.20,71.40,80.90,,4,3,"   6.0,   6.0,   9.0,   9.0"," 1.10, 1.00, 0.90","31.7,49.2,71.4,80.9",57.10,4.80,8/3/2001 13:48:02,8/3/2001 19:39:07,0.00,255
"cr2_KJ_01",13361,,1,,8/3/2001 17:52:30,90,219,,,79.50,30.00,79.50,48.00,39.00,0.80,0.95,0.45,,,,-67.68,-69.36,0.21,86.55,-67.68,-69.36,233,23.80,42.80,57.10,61.90,,4,3,"  30.0,  79.5,  48.0,  39.0"," 0.80, 0.95, 0.45","23.8,42.8,57.1,61.9",38.00,4.10,8/3/2001 13:48:02,8/3/2001 19:39:07,8.00,255
"cr2_KJ_01",13361,,1,,8/3/2001 17:57:03,82,183,,,121.50,27.00,51.00,121.50,27.00,0.85,1.10,0.60,,,,-67.68,-69.36,0.22,86.56,-67.68,-69.36,233,14.20,23.80,47.60,84.10,,4,3,"  27.0,  51.0, 121.5,  27.0"," 0.85, 1.10, 0.60","14.2,23.8,47.6,84.1",42.80,4.00,8/3/2001 13:48:02,8/3/2001 19:39:07,8.00,255
"cr2_KJ_01",13361,,1,,8/3/2001 18:12:26,334,789,,,424.50,376.50,424.50,400.50,376.50,1.15,0.55,1.20,,,,-67.68,-69.36,0.22,86.59,-67.68,-69.36,233,30.10,41.20,61.90,68.20,,4,3," 376.5, 424.5, 400.5, 376.5"," 1.15, 0.55, 1.20","30.1,41.2,61.9,68.2",58.70,3.80,8/3/2001 13:48:02,8/3/2001 19:39:07,24.00,255
"cr2_KJ_01",13361,,1,,8/3/2001 18:18:54,90,54,,,18.00,15.00,18.00,18.00,12.00,0.75,0.20,0.55,,,,-67.68,-69.36,0.22,86.60,-67.68,-69.36,233,20.60,41.20,49.20,69.80,,4,3,"  15.0,  18.0,  18.0,  12.0"," 0.75, 0.20, 0.55","20.6,41.2,49.2,69.8",58.70,3.20,8/3/2001 13:48:03,8/3/2001 19:39:07,0.00,255
"cr2_KJ_01",13361,,1,,8/3/2001 18:21:30,270,78,,,27.00,27.00,27.00,21.00,15.00,0.85,0.30,0.50,,,,-67.68,-69.36,0.22,86.61,-67.68,-69.36,233,23.80,28.50,49.20,74.60,,4,3,"  27.0,  27.0,  21.0,  15.0"," 0.85, 0.30, 0.50","23.8,28.5,49.2,74.6",58.70,3.20,8/3/2001 13:48:03,8/3/2001 19:39:07,8.00,255
"cr2_KJ_01",13361,,1,,8/3/2001 18:39:57,214,837,,,472.50,424.50,472.50,448.50,400.50,1.35,0.80,1.20,,,,-67.68,-69.36,0.22,86.64,-67.68,-69.36,233,28.50,38.00,60.30,69.80,,4,3," 424.5, 472.5, 448.5, 400.5"," 1.35, 0.80, 1.20","28.5,38.0,60.3,69.8",63.40,2.90,8/3/2001 13:48:03,8/3/2001 19:39:07,24.00,255
"cr2_KJ_01",13361,,1,,8/3/2001 21:36:21,462,741,,,496.50,472.50,496.50,424.50,178.50,1.20,1.10,1.25,,,,-67.70,-69.38,0.45,88.36,-67.70,-69.37,354,36.50,41.20,61.90,84.10,,4,3," 472.5, 496.5, 424.5, 178.5"," 1.20, 1.10, 1.25","36.5,41.2,61.9,84.1",53.90,-8.70,8/3/2001 13:48:20,8/3/2001 19:38:58,24.00,255
"cr2_KJ_01",13361,,1,,8/3/2001 21:48:12,462,12,,,6.00,6.00,6.00,6.00,6.00,4.73,0.20,4.73,,,,-67.70,-69.38,0.48,88.56,-67.70,-69.38,354,0.00,31.70,31.70,65.00,,4,3,"   6.0,   6.0,   6.0,   6.0"," 4.73, 0.20, 4.73"," 0.0,31.7,31.7,65.0",80.90,-10.80,8/3/2001 13:48:25,8/3/2001 19:38:55,0.00,255
"cr2_KJ_01",13361,,1,,8/3/2001 22:05:56,4,24,,,6.00,6.00,6.00,6.00,6.00,0.80,0.35,0.05,,,,-67.70,-69.37,0.43,88.37,-67.70,-69.37,354,15.80,15.80,49.20,65.00,,4,3,"   6.0,   6.0,   6.0,   6.0"," 0.80, 0.35, 0.05","15.8,15.8,49.2,65.0",49.20,-12.40,8/3/2001 13:48:23,8/3/2001 19:38:54,0.00,255
"cr2_KJ_01",13361,,1,,8/3/2001 22:06:48,24,48,,,9.00,9.00,9.00,6.00,6.00,0.00,0.50,0.45,,,,-67.70,-69.37,0.42,88.34,-67.70,-69.37,354,22.20,22.20,46.00,68.20,,4,3,"   9.0,   9.0,   6.0,   6.0"," 0.00, 0.50, 0.45","22.2,22.2,46.0,68.2",46.00,-12.50,8/3/2001 13:48:23,8/3/2001 19:38:54,0.00,255
"cr2_KJ_01",13361,,1,,8/3/2001 22:07:30,150,24,,,6.00,6.00,6.00,6.00,6.00,0.30,0.30,0.70,,,,-67.70,-69.37,0.42,88.32,-67.70,-69.37,354,12.60,41.20,41.20,69.80,,4,3,"   6.0,   6.0,   6.0,   6.0"," 0.30, 0.30, 0.70","12.6,41.2,41.2,69.8",53.90,-12.60,8/3/2001 13:48:23,8/3/2001 19:38:54,0.00,255
"cr2_KJ_01",13361,,1,,8/3/2001 22:11:06,238,66,,,9.00,6.00,9.00,9.00,9.00,0.50,0.25,0.40,,,,-67.70,-69.37,0.41,88.28,-67.70,-69.37,354,22.20,46.00,58.70,69.80,,4,3,"   6.0,   9.0,   9.0,   9.0"," 0.50, 0.25, 0.40","22.2,46.0,58.7,69.8",52.30,-12.80,8/3/2001 13:48:22,8/3/2001 19:38:54,0.00,255
"cr2_KJ_01",13361,,2,,8/3/2001 22:15:48,12,12,,,6.00,6.00,6.00,6.00,6.00,0.50,0.50,4.73,,,,-67.70,-69.37,0.41,88.29,-67.70,-69.37,354,23.80,23.80,49.20,74.60,,4,3,"   6.0,   6.0,   6.0,   6.0"," 0.50, 0.50, 4.73","23.8,23.8,49.2,74.6",52.30,-13.30,8/3/2001 13:48:23,8/3/2001 19:38:54,0.00,255
"cr2_KJ_01",13361,,2,,8/3/2001 22:16:24,462,24,,,6.00,6.00,6.00,6.00,6.00,0.25,0.20,0.50,,,,-67.70,-69.37,0.41,88.29,-67.70,-69.37,354,12.60,41.20,55.50,69.80,,4,3,"   6.0,   6.0,   6.0,   6.0"," 0.25, 0.20, 0.50","12.6,41.2,55.5,69.8",52.30,-13.40,8/3/2001 13:48:23,8/3/2001 19:38:54,0.00,255
"cr2_KJ_01",13361,,1,,8/3/2001 22:55:14,166,12,,,6.00,6.00,6.00,6.00,6.00,4.73,0.00,4.73,,,,-67.71,-69.37,0.41,88.40,-67.71,-69.37,354,0.00,31.70,31.70,65.00,,4,3,"   6.0,   6.0,   6.0,   6.0"," 4.73, 0.00, 4.73"," 0.0,31.7,31.7,65.0",63.40,-17.00,8/3/2001 13:48:25,8/3/2001 19:38:49,0.00,255
"cr2_KJ_01",13361,,1,,8/3/2001 22:58:12,270,12,,,6.00,6.00,6.00,6.00,6.00,4.73,0.45,4.73,,,,-67.71,-69.37,0.41,88.40,-67.71,-69.37,354,0.00,31.70,31.70,65.00,,4,3,"   6.0,   6.0,   6.0,   6.0"," 4.73, 0.45, 4.73"," 0.0,31.7,31.7,65.0",71.40,-17.30,8/3/2001 13:48:26,8/3/2001 19:38:49,0.00,255
"cr2_KJ_01",13361,,2,,8/3/2001 23:02:18,102,66,,,12.00,9.00,12.00,9.00,9.00,0.25,0.15,0.30,,,,-67.71,-69.37,0.41,88.42,-67.71,-69.37,354,17.40,28.50,52.30,76.10,,4,3,"   9.0,  12.0,   9.0,   9.0"," 0.25, 0.15, 0.30","17.4,28.5,52.3,76.1",47.60,-17.60,8/3/2001 13:48:26,8/3/2001 19:38:49,0.00,255
"cr2_KJ_01",13361,,2,,8/3/2001 23:04:36,270,36,,,9.00,9.00,9.00,9.00,9.00,0.00,0.00,0.50,,,,-67.71,-69.37,0.41,88.42,-67.71,-69.37,354,19.00,49.20,49.20,69.80,,4,3,"   9.0,   9.0,   9.0,   9.0"," 0.00, 0.00, 0.50","19.0,49.2,49.2,69.8",63.40,-17.90,8/3/2001 13:48:26,8/3/2001 19:38:48,0.00,255
"cr2_KJ_01",13361,,2,,8/3/2001 23:10:48,462,48,,,9.00,9.00,9.00,9.00,6.00,0.00,0.00,0.15,,,,-67.71,-69.36,0.41,88.44,-67.71,-69.36,354,22.20,30.10,46.00,68.20,,4,3,"   9.0,   9.0,   9.0,   6.0"," 0.00, 0.00, 0.15","22.2,30.1,46.0,68.2",47.60,-18.50,8/3/2001 13:48:26,8/3/2001 19:38:48,0.00,255
"cr2_KJ_01",13361,,1,,8/3/2001 23:22:58,302,48,,,6.00,6.00,6.00,6.00,6.00,0.60,0.40,0.30,,,,-67.71,-69.36,0.41,88.47,-67.71,-69.36,354,22.20,30.10,46.00,68.20,,4,3,"   6.0,   6.0,   6.0,   6.0"," 0.60, 0.40, 0.30","22.2,30.1,46.0,68.2",36.50,-19.60,8/3/2001 13:48:27,8/3/2001 19:38:46,0.00,255
"cr2_KJ_01",13361,,1,,8/3/2001 23:28:36,366,36,,,6.00,6.00,6.00,6.00,6.00,0.30,0.65,0.40,,,,-67.71,-69.36,0.41,88.48,-67.71,-69.36,316,9.50,19.00,49.20,69.80,,4,3,"   6.0,   6.0,   6.0,   6.0"," 0.30, 0.65, 0.40"," 9.5,19.0,49.2,69.8",63.40,-20.20,8/3/2001 13:48:27,8/3/2001 19:38:46,0.00,255
"cr2_KJ_01",13361,,2,,8/3/2001 23:36:27,462,147,,,42.00,15.00,24.00,27.00,42.00,0.00,0.25,0.85,,,,-67.71,-69.36,0.41,88.51,-67.71,-69.36,316,7.90,30.10,52.30,65.00,,4,3,"  15.0,  24.0,  27.0,  42.0"," 0.00, 0.25, 0.85"," 7.9,30.1,52.3,65.0",49.20,-20.70,8/3/2001 13:48:28,8/3/2001 19:38:45,8.00,255
"cr2_KJ_01",13361,,1,,8/4/2001 0:05:46,134,171,,,21.00,9.00,18.00,21.00,12.00,0.05,0.30,0.30,,,,-67.71,-69.36,0.46,88.51,-67.71,-69.36,279,11.10,20.60,39.60,79.30,,4,3,"   9.0,  18.0,  21.0,  12.0"," 0.05, 0.30, 0.30","11.1,20.6,39.6,79.3",58.70,-23.40,8/4/2001 13:44:19,8/4/2001 19:42:40,0.00,255
"cr2_KJ_01",13361,,1,,8/4/2001 0:11:39,134,219,,,9.00,6.00,6.00,9.00,6.00,0.65,0.75,0.35,,,,-67.72,-69.36,0.45,88.63,-67.71,-69.36,316,4.70,17.40,47.60,58.70,,4,3,"   6.0,   6.0,   9.0,   6.0"," 0.65, 0.75, 0.35"," 4.7,17.4,47.6,58.7",41.20,-23.90,8/4/2001 13:44:20,8/4/2001 19:42:40,0.00,255
"cr2_KJ_01",13361,,1,,8/4/2001 0:23:18,42,12,,,6.00,6.00,6.00,6.00,6.00,0.50,0.75,4.73,,,,-67.72,-69.36,0.44,88.87,-67.72,-69.36,354,23.80,23.80,49.20,74.60,,4,3,"   6.0,   6.0,   6.0,   6.0"," 0.50, 0.75, 4.73","23.8,23.8,49.2,74.6",63.40,-25.30,8/4/2001 13:44:23,8/4/2001 19:42:39,0.00,255
"cr2_KJ_01",13361,,1,,8/4/2001 0:24:18,198,18,,,6.00,6.00,6.00,6.00,6.00,0.30,0.45,0.55,,,,-67.72,-69.36,0.44,88.89,-67.72,-69.36,354,19.00,39.60,58.70,58.70,,4,3,"   6.0,   6.0,   6.0,   6.0"," 0.30, 0.45, 0.55","19.0,39.6,58.7,58.7",65.00,-25.40,8/4/2001 13:44:23,8/4/2001 19:42:39,0.00,255
"cr2_KJ_01",13361,,1,,8/4/2001 2:20:02,238,36,,,9.00,9.00,9.00,9.00,9.00,0.00,0.00,0.00,,,,-67.74,-69.39,0.36,90.93,-67.74,-69.39,186,20.60,42.80,53.90,65.00,,4,3,"   9.0,   9.0,   9.0,   9.0"," 0.00, 0.00, 0.00","20.6,42.8,53.9,65.0",60.30,-34.50,8/4/2001 13:44:43,8/4/2001 19:42:32,0.00,255
"cr2_KJ_01",13361,,1,,8/4/2001 2:25:12,34,72,,,18.00,9.00,12.00,18.00,15.00,0.10,0.45,0.90,,,,-67.74,-69.39,0.36,91.00,-67.74,-69.39,186,20.60,46.00,68.20,73.00,,4,3,"   9.0,  12.0,  18.0,  15.0"," 0.10, 0.45, 0.90","20.6,46.0,68.2,73.0",44.40,-34.80,8/4/2001 13:44:44,8/4/2001 19:42:31,0.00,255
"cr2_KJ_01",13361,,1,,8/4/2001 2:26:42,198,24,,,9.00,9.00,9.00,9.00,9.00,0.50,0.65,0.95,,,,-67.74,-69.39,0.36,91.02,-67.74,-69.39,186,15.80,49.20,49.20,65.00,,4,3,"   9.0,   9.0,   9.0,   9.0"," 0.50, 0.65, 0.95","15.8,49.2,49.2,65.0",65.00,-35.00,8/4/2001 13:44:45,8/4/2001 19:42:31,0.00,255
"cr2_KJ_01",13361,,1,,8/4/2001 2:31:06,182,66,,,21.00,9.00,15.00,21.00,18.00,0.70,0.70,0.55,,,,-67.74,-69.39,0.36,91.09,-67.74,-69.39,186,22.20,46.00,63.40,69.80,,4,3,"   9.0,  15.0,  21.0,  18.0"," 0.70, 0.70, 0.55","22.2,46.0,63.4,69.8",44.40,-35.20,8/4/2001 13:44:45,8/4/2001 19:42:31,0.00,255
"cr2_KJ_01",13361,,1,,8/4/2001 2:37:10,50,159,,,9.00,9.00,6.00,6.00,6.00,0.25,0.55,0.85,,,,-67.74,-69.39,0.36,91.18,-67.74,-69.39,186,9.50,46.00,60.30,73.00,,4,3,"   9.0,   6.0,   6.0,   6.0"," 0.25, 0.55, 0.85"," 9.5,46.0,60.3,73.0",42.80,-35.50,8/4/2001 13:44:46,8/4/2001 19:42:30,0.00,255
"cr2_KJ_01",13361,,1,,8/4/2001 2:38:24,198,24,,,6.00,6.00,6.00,6.00,6.00,0.50,0.45,0.70,,,,-67.74,-69.39,0.36,91.20,-67.74,-69.39,186,15.80,31.70,49.20,65.00,,4,3,"   6.0,   6.0,   6.0,   6.0"," 0.50, 0.45, 0.70","15.8,31.7,49.2,65.0",49.20,-35.70,8/4/2001 13:44:46,8/4/2001 19:42:30,0.00,255
"cr2_KJ_01",13361,,1,,8/4/2001 2:46:09,462,369,,,61.50,12.00,36.00,61.50,42.00,0.85,0.90,0.85,,,,-67.74,-69.39,0.36,91.31,-67.74,-69.39,186,7.90,19.00,41.20,80.90,,4,3,"  12.0,  36.0,  61.5,  42.0"," 0.85, 0.90, 0.85"," 7.9,19.0,41.2,80.9",58.70,-35.80,8/4/2001 13:44:47,8/4/2001 19:42:30,8.00,255
"cr2_KJ_01",13361,,1,,8/4/2001 2:57:26,34,36,,,9.00,6.00,6.00,9.00,9.00,0.30,0.10,0.55,,,,-67.74,-69.39,0.36,91.48,-67.74,-69.39,193,20.60,42.80,65.00,65.00,,4,3,"   6.0,   6.0,   9.0,   9.0"," 0.30, 0.10, 0.55","20.6,42.8,65.0,65.0",52.30,-36.70,8/4/2001 13:44:49,8/4/2001 19:42:28,8.00,255
"cr2_KJ_01",13361,,1,,8/4/2001 2:58:18,302,18,,,6.00,6.00,6.00,6.00,6.00,0.50,0.55,0.20,,,,-67.74,-69.39,0.36,91.49,-67.74,-69.39,193,19.00,19.00,39.60,58.70,,4,3,"   6.0,   6.0,   6.0,   6.0"," 0.50, 0.55, 0.20","19.0,19.0,39.6,58.7",52.30,-36.70,8/4/2001 13:44:50,8/4/2001 19:42:28,0.00,255
"cr2_KJ_01",13361,,1,,8/4/2001 3:02:18,102,48,,,18.00,15.00,18.00,15.00,12.00,0.45,0.15,0.35,,,,-67.75,-69.39,0.39,91.50,-67.75,-69.39,193,23.80,41.20,49.20,74.60,,4,3,"  15.0,  18.0,  15.0,  12.0"," 0.45, 0.15, 0.35","23.8,41.2,49.2,74.6",65.00,-36.90,8/4/2001 13:44:50,8/4/2001 19:42:27,8.00,255
"cr2_KJ_01",13361,,1,,8/4/2001 3:14:33,134,633,,,238.50,202.50,226.50,238.50,214.50,0.85,0.60,0.85,,,,-67.75,-69.39,0.51,91.45,-67.75,-69.39,186,26.90,34.90,42.80,58.70,,4,3," 202.5, 226.5, 238.5, 214.5"," 0.85, 0.60, 0.85","26.9,34.9,42.8,58.7",60.30,-37.00,8/4/2001 13:44:50,8/4/2001 19:42:27,24.00,255
"cr2_KJ_01",13361,,1,,8/4/2001 4:06:26,334,12,,,6.00,6.00,6.00,6.00,6.00,4.73,1.30,4.73,,,,-67.74,-69.43,1.10,92.48,-67.74,-69.43,201,0.00,23.80,49.20,74.60,,4,3,"   6.0,   6.0,   6.0,   6.0"," 4.73, 1.30, 4.73"," 0.0,23.8,49.2,74.6",71.40,-39.10,8/4/2001 13:44:55,8/4/2001 19:42:37,0.00,255
"cr2_KJ_01",13361,,1,,8/4/2001 4:12:12,16,12,,,6.00,6.00,6.00,6.00,6.00,4.73,1.25,4.73,,,,-67.74,-69.43,1.17,92.69,-67.74,-69.43,159,0.00,23.80,49.20,74.60,,4,3,"   6.0,   6.0,   6.0,   6.0"," 4.73, 1.25, 4.73"," 0.0,23.8,49.2,74.6",100.00,-39.20,8/4/2001 13:44:56,8/4/2001 19:42:40,0.00,255
"cr2_KJ_01",13361,,1,,8/4/2001 4:13:30,270,48,,,6.00,6.00,6.00,6.00,6.00,1.45,1.35,1.30,,,,-67.74,-69.44,1.18,92.73,-67.74,-69.43,159,22.20,38.00,46.00,68.20,,4,3,"   6.0,   6.0,   6.0,   6.0"," 1.45, 1.35, 1.30","22.2,38.0,46.0,68.2",65.00,-39.20,8/4/2001 13:44:56,8/4/2001 19:42:40,0.00,255
"cr2_KJ_01",13361,,1,,8/4/2001 4:20:15,4,135,,,9.00,6.00,6.00,9.00,6.00,1.05,1.05,0.90,,,,-67.74,-69.44,1.27,92.98,-67.74,-69.44,159,7.90,19.00,36.50,87.30,,4,3,"   6.0,   6.0,   9.0,   6.0"," 1.05, 1.05, 0.90"," 7.9,19.0,36.5,87.3",49.20,-39.30,8/4/2001 13:44:57,8/4/2001 19:42:43,0.00,255
"cr2_KJ_01",13361,,1,,8/4/2001 4:20:26,334,12,,,6.00,6.00,6.00,6.00,6.00,4.73,1.05,4.73,,,,-67.74,-69.45,1.27,92.98,-67.74,-69.44,159,0.00,0.00,31.70,65.00,,4,3,"   6.0,   6.0,   6.0,   6.0"," 4.73, 1.05, 4.73"," 0.0, 0.0,31.7,65.0",80.90,-39.30,8/4/2001 13:44:57,8/4/2001 19:42:44,0.00,255
"cr2_KJ_01",13361,,1,,8/4/2001 4:30:57,102,297,,,12.00,12.00,9.00,12.00,9.00,0.95,1.05,1.10,,,,-67.73,-69.46,1.61,93.48,-67.74,-69.45,159,6.30,33.30,52.30,69.80,,4,3,"  12.0,   9.0,  12.0,   9.0"," 0.95, 1.05, 1.10"," 6.3,33.3,52.3,69.8",60.30,-39.40,8/4/2001 13:44:58,8/4/2001 19:42:47,0.00,255
"cr2_KJ_01",13361,,1,,8/4/2001 4:34:36,462,36,,,6.00,6.00,6.00,6.00,6.00,1.35,1.15,0.90,,,,-67.73,-69.47,1.78,93.68,-67.73,-69.47,148,20.60,20.60,42.80,65.00,,4,3,"   6.0,   6.0,   6.0,   6.0"," 1.35, 1.15, 0.90","20.6,20.6,42.8,65.0",61.90,-39.50,8/4/2001 13:45:00,8/4/2001 19:42:53,0.00,255
"cr2_KJ_01",13361,,1,,8/4/2001 4:45:10,50,12,,,6.00,6.00,6.00,6.00,6.00,4.73,1.05,4.73,,,,-67.74,-69.50,1.86,94.84,-67.74,-69.50,164,0.00,0.00,31.70,65.00,,4,3,"   6.0,   6.0,   6.0,   6.0"," 4.73, 1.05, 4.73"," 0.0, 0.0,31.7,65.0",100.00,-39.50,8/4/2001 13:45:08,8/4/2001 19:42:59,0.00,255
"cr2_KJ_01",13361,,1,,8/4/2001 4:46:48,182,48,,,6.00,6.00,6.00,6.00,6.00,1.30,1.20,1.15,,,,-67.74,-69.50,1.84,95.07,-67.74,-69.50,164,22.20,38.00,46.00,68.20,,4,3,"   6.0,   6.0,   6.0,   6.0"," 1.30, 1.20, 1.15","22.2,38.0,46.0,68.2",55.50,-39.50,8/4/2001 13:45:09,8/4/2001 19:43:00,0.00,255
"cr2_KJ_01",13361,,1,,8/4/2001 4:51:22,398,99,,,12.00,9.00,12.00,12.00,9.00,0.10,0.70,0.95,,,,-67.74,-69.52,1.78,95.71,-67.74,-69.51,164,11.10,41.20,57.10,87.30,,4,3,"   9.0,  12.0,  12.0,   9.0"," 0.10, 0.70, 0.95","11.1,41.2,57.1,87.3",61.90,-39.50,8/4/2001 13:45:13,8/4/2001 19:43:01,0.00,255
"cr2_KJ_01",13361,,3,,8/4/2001 4:58:24,462,24,,,6.00,6.00,6.00,6.00,6.00,1.05,1.05,0.85,,,,-67.74,-69.54,1.69,96.69,-67.74,-69.54,212,12.60,26.90,41.20,69.80,,4,3,"   6.0,   6.0,   6.0,   6.0"," 1.05, 1.05, 0.85","12.6,26.9,41.2,69.8",74.60,-39.40,8/4/2001 13:45:22,8/4/2001 19:43:05,0.00,255
"cr2_KJ_01",13361,,1,,8/4/2001 4:58:36,16,36,,,6.00,6.00,6.00,6.00,6.00,0.80,0.75,0.70,,,,-67.74,-69.54,1.69,96.72,-67.74,-69.54,212,19.00,19.00,49.20,69.80,,4,3,"   6.0,   6.0,   6.0,   6.0"," 0.80, 0.75, 0.70","19.0,19.0,49.2,69.8",87.30,-39.40,8/4/2001 13:45:22,8/4/2001 19:43:05,0.00,255
"cr2_KJ_01",13361,,3,,8/4/2001 5:11:52,8,159,,,15.00,15.00,15.00,12.00,6.00,1.05,1.05,1.10,,,,-67.75,-69.58,1.52,98.58,-67.75,-69.57,274,34.90,61.90,71.40,84.10,,4,3,"  15.0,  15.0,  12.0,   6.0"," 1.05, 1.05, 1.10","34.9,61.9,71.4,84.1",60.30,-39.30,8/4/2001 13:45:34,8/4/2001 19:43:09,0.00,255
"cr2_KJ_01",13361,,3,,8/4/2001 5:13:18,398,78,,,6.00,6.00,6.00,6.00,6.00,0.90,0.95,1.10,,,,-67.75,-69.59,1.50,98.78,-67.75,-69.58,274,9.50,44.40,63.40,84.10,,4,3,"   6.0,   6.0,   6.0,   6.0"," 0.90, 0.95, 1.10"," 9.5,44.4,63.4,84.1",61.90,-39.30,8/4/2001 13:45:37,8/4/2001 19:43:10,0.00,255
"cr2_KJ_01",13361,,2,,8/4/2001 5:19:44,16,12,,,6.00,6.00,6.00,6.00,6.00,4.73,1.05,4.73,,,,-67.75,-69.59,1.43,99.07,-67.75,-69.59,274,0.00,0.00,31.70,65.00,,4,3,"   6.0,   6.0,   6.0,   6.0"," 4.73, 1.05, 4.73"," 0.0, 0.0,31.7,65.0",100.00,-39.10,8/4/2001 13:45:41,8/4/2001 19:43:11,0.00,255
"cr2_KJ_01",13361,,2,,8/4/2001 5:20:48,28,48,,,6.00,6.00,6.00,6.00,6.00,0.75,1.05,0.95,,,,-67.75,-69.59,1.42,99.11,-67.75,-69.59,274,23.80,49.20,65.00,74.60,,4,3,"   6.0,   6.0,   6.0,   6.0"," 0.75, 1.05, 0.95","23.8,49.2,65.0,74.6",46.00,-39.10,8/4/2001 13:45:41,8/4/2001 19:43:11,0.00,255
"cr2_KJ_01",13361,,1,,8/4/2001 5:22:50,430,12,,,6.00,6.00,6.00,6.00,6.00,0.95,1.00,4.73,,,,-67.75,-69.59,1.40,99.18,-67.75,-69.59,274,23.80,23.80,49.20,74.60,,4,3,"   6.0,   6.0,   6.0,   6.0"," 0.95, 1.00, 4.73","23.8,23.8,49.2,74.6",57.10,-39.10,8/4/2001 13:45:42,8/4/2001 19:43:11,0.00,255
"cr2_KJ_01",13361,,1,,8/4/2001 5:34:39,462,279,,,73.50,30.00,73.50,61.50,36.00,1.20,1.25,2.23,,,,-67.75,-69.60,1.29,99.60,-67.75,-69.60,315,7.90,33.30,55.50,84.10,,4,3,"  30.0,  73.5,  61.5,  36.0"," 1.20, 1.25, 2.23"," 7.9,33.3,55.5,84.1",66.60,-38.90,8/4/2001 13:45:44,8/4/2001 19:43:11,8.00,255
"cr2_KJ_01",13361,,1,,8/4/2001 5:42:50,430,12,,,6.00,6.00,6.00,6.00,6.00,4.73,0.90,4.73,,,,-67.76,-69.61,1.21,99.89,-67.76,-69.61,315,0.00,0.00,31.70,65.00,,4,3,"   6.0,   6.0,   6.0,   6.0"," 4.73, 0.90, 4.73"," 0.0, 0.0,31.7,65.0",100.00,-38.60,8/4/2001 13:45:48,8/4/2001 19:43:10,0.00,255
"cr2_KJ_01",13361,,1,,8/4/2001 5:50:36,462,36,,,15.00,15.00,15.00,9.00,6.00,0.80,1.20,1.15,,,,-67.76,-69.61,1.14,100.16,-67.76,-69.61,315,20.60,20.60,42.80,65.00,,4,3,"  15.0,  15.0,   9.0,   6.0"," 0.80, 1.20, 1.15","20.6,20.6,42.8,65.0",44.40,-38.40,8/4/2001 13:45:50,8/4/2001 19:43:10,0.00,255
"cr2_KJ_01",13361,,2,,8/4/2001 6:16:02,238,12,,,6.00,6.00,6.00,6.00,6.00,4.73,1.20,4.73,,,,-67.77,-69.62,1.43,101.05,-67.77,-69.62,287,0.00,0.00,31.70,65.00,,4,3,"   6.0,   6.0,   6.0,   6.0"," 4.73, 1.20, 4.73"," 0.0, 0.0,31.7,65.0",100.00,-37.40,8/4/2001 13:46:01,8/4/2001 19:43:03,0.00,255
,,,,,,,,,,,,,,,,,,,,,,,,,,,,,,,,,,,,,,,,,,,
,,,,,,,,,,,,,,,,,,,,,,,,,,,,,,,,,,,,,,,,,,,
,,,,,,,,,,,,,,,,,,,,,,,,,,,,,,,,,,,,,,,,,,,
,,,,,,,,,,,,,,,,,,,,,,,,,,,,,,,,,,,,,,,,,,,
,,,,,,,,,,,,,,,,,,,,,,,,,,,,,,,,,,,,,,,,,,,
"cr2_KJ_01",13361,,2,,8/4/2001 7:17:44,16,84,,,9.00,6.00,9.00,6.00,6.00,1.00,1.10,0.95,,,,-67.79,-69.70,1.15,104.94,-67.79,-69.69,377,22.20,31.70,49.20,71.40,,4,3,"   6.0,   9.0,   6.0,   6.0"," 1.00, 1.10, 0.95","22.2,31.7,49.2,71.4",34.90,-34.00,8/4/2001 13:46:32,8/4/2001 19:43:09,0.00,255
"cr2_KJ_01",13361,,2,,8/4/2001 7:18:54,28,54,,,6.00,6.00,6.00,6.00,6.00,4.73,1.25,1.30,,,,-67.79,-69.70,1.14,105.03,-67.79,-69.70,350,0.00,12.60,41.20,77.70,,4,3,"   6.0,   6.0,   6.0,   6.0"," 4.73, 1.25, 1.30"," 0.0,12.6,41.2,77.7",46.00,-33.90,8/4/2001 13:46:32,8/4/2001 19:43:10,0.00,255
"cr2_KJ_01",13361,,1,,8/4/2001 7:19:48,12,12,,,6.00,6.00,6.00,6.00,6.00,4.73,1.20,4.73,,,,-67.79,-69.70,1.12,105.09,-67.79,-69.70,350,0.00,23.80,49.20,74.60,,4,3,"   6.0,   6.0,   6.0,   6.0"," 4.73, 1.20, 4.73"," 0.0,23.8,49.2,74.6",100.00,-33.80,8/4/2001 13:46:33,8/4/2001 19:43:11,0.00,255
"cr2_KJ_01",13361,,1,,8/4/2001 7:20:12,74,12,,,6.00,6.00,6.00,6.00,6.00,4.73,0.80,4.73,,,,-67.79,-69.70,1.12,105.12,-67.79,-69.70,350,0.00,0.00,31.70,65.00,,4,3,"   6.0,   6.0,   6.0,   6.0"," 4.73, 0.80, 4.73"," 0.0, 0.0,31.7,65.0",100.00,-33.70,8/4/2001 13:46:33,8/4/2001 19:43:11,0.00,255
"cr2_KJ_01",13361,,1,,8/4/2001 8:10:18,102,24,,,12.00,9.00,12.00,12.00,9.00,1.73,1.35,1.15,,,,-67.79,-69.76,0.67,107.47,-67.79,-69.76,268,12.60,41.20,41.20,69.80,,4,3,"   9.0,  12.0,  12.0,   9.0"," 1.73, 1.35, 1.15","12.6,41.2,41.2,69.8",50.70,-30.00,8/4/2001 13:46:50,8/4/2001 19:43:22,0.00,255
